<?xml version="1.0" encoding="UTF-8"?><rss version="2.0"
	xmlns:content="http://purl.org/rss/1.0/modules/content/"
	xmlns:wfw="http://wellformedweb.org/CommentAPI/"
	xmlns:dc="http://purl.org/dc/elements/1.1/"
	xmlns:atom="http://www.w3.org/2005/Atom"
	xmlns:sy="http://purl.org/rss/1.0/modules/syndication/"
	xmlns:slash="http://purl.org/rss/1.0/modules/slash/"
	>

<channel>
	<title>Shop &#8211; DFJ</title>
	<atom:link href="/shop/feed/" rel="self" type="application/rss+xml" />
	<link></link>
	<description></description>
	<lastBuildDate>Sun, 24 Sep 2023 06:27:37 +0000</lastBuildDate>
	<language>en-US</language>
	<sy:updatePeriod>
	hourly	</sy:updatePeriod>
	<sy:updateFrequency>
	1	</sy:updateFrequency>
	<generator>https://wordpress.org/?v=6.3.1</generator>

<image>
	<url>/wp-content/uploads/2023/09/download-removebg-preview-5.png</url>
	<title>Shop &#8211; DFJ</title>
	<link></link>
	<width>32</width>
	<height>32</height>
</image> 
	<item>
		<title>Under ₹799</title>
		<link>/product/under-%e2%82%b9799/</link>
					<comments>/product/under-%e2%82%b9799/#respond</comments>
		
		<dc:creator><![CDATA[admin]]></dc:creator>
		<pubDate>Sun, 24 Sep 2023 06:27:37 +0000</pubDate>
				<guid isPermaLink="false">/?post_type=product#038;p=153</guid>

					<description><![CDATA[]]></description>
										<content:encoded><![CDATA[]]></content:encoded>
					
					<wfw:commentRss>/product/under-%e2%82%b9799/feed/</wfw:commentRss>
			<slash:comments>0</slash:comments>
		
		
			</item>
		<item>
		<title>Under ₹599</title>
		<link>/product/under-%e2%82%b9599/</link>
					<comments>/product/under-%e2%82%b9599/#respond</comments>
		
		<dc:creator><![CDATA[admin]]></dc:creator>
		<pubDate>Sun, 24 Sep 2023 06:27:02 +0000</pubDate>
				<guid isPermaLink="false">/?post_type=product#038;p=152</guid>

					<description><![CDATA[]]></description>
										<content:encoded><![CDATA[]]></content:encoded>
					
					<wfw:commentRss>/product/under-%e2%82%b9599/feed/</wfw:commentRss>
			<slash:comments>0</slash:comments>
		
		
			</item>
		<item>
		<title>Under ₹399</title>
		<link>/product/under-%e2%82%b9399/</link>
					<comments>/product/under-%e2%82%b9399/#respond</comments>
		
		<dc:creator><![CDATA[admin]]></dc:creator>
		<pubDate>Sun, 24 Sep 2023 06:26:29 +0000</pubDate>
				<guid isPermaLink="false">/?post_type=product#038;p=151</guid>

					<description><![CDATA[]]></description>
										<content:encoded><![CDATA[]]></content:encoded>
					
					<wfw:commentRss>/product/under-%e2%82%b9399/feed/</wfw:commentRss>
			<slash:comments>0</slash:comments>
		
		
			</item>
		<item>
		<title>Under ₹199</title>
		<link>/product/under-%e2%82%b9199/</link>
					<comments>/product/under-%e2%82%b9199/#respond</comments>
		
		<dc:creator><![CDATA[admin]]></dc:creator>
		<pubDate>Sun, 24 Sep 2023 06:25:59 +0000</pubDate>
				<guid isPermaLink="false">/?post_type=product#038;p=150</guid>

					<description><![CDATA[]]></description>
										<content:encoded><![CDATA[]]></content:encoded>
					
					<wfw:commentRss>/product/under-%e2%82%b9199/feed/</wfw:commentRss>
			<slash:comments>0</slash:comments>
		
		
			</item>
		<item>
		<title>Under ₹99</title>
		<link>/product/under-%e2%82%b999/</link>
					<comments>/product/under-%e2%82%b999/#respond</comments>
		
		<dc:creator><![CDATA[admin]]></dc:creator>
		<pubDate>Sun, 24 Sep 2023 06:24:57 +0000</pubDate>
				<guid isPermaLink="false">/?post_type=product#038;p=147</guid>

					<description><![CDATA[]]></description>
										<content:encoded><![CDATA[]]></content:encoded>
					
					<wfw:commentRss>/product/under-%e2%82%b999/feed/</wfw:commentRss>
			<slash:comments>0</slash:comments>
		
		
			</item>
		<item>
		<title>Straight cut Crepe Kurti by Glance Deisgns Women</title>
		<link>/product/straight-cut-crepe-kurti-by-glance-deisgns-women/</link>
					<comments>/product/straight-cut-crepe-kurti-by-glance-deisgns-women/#respond</comments>
		
		<dc:creator><![CDATA[admin]]></dc:creator>
		<pubDate>Sun, 24 Sep 2023 04:56:26 +0000</pubDate>
				<guid isPermaLink="false">/product/straight-cut-crepe-kurti-by-glance-deisgns-women/</guid>

					<description><![CDATA[<ul>
 	<li>Prints &#38; Patterns : Bandhani</li>
 	<li>Length : Long</li>
 	<li>Color Family : Brown</li>
</ul>]]></description>
										<content:encoded><![CDATA[<p>Prijam Handicraft Traditional Man&#8217;s Kurta Satin Cotton plain (Neck Boader hand work )embroidery kutchi work Crafted From Fine Cotton Fabric And Is The Perfect Pick For Wedding/Festive Occasion. Available in lots of color This With A Pair Of Majors To Complete The Traditional And Classic Look.When You Want A Kurta That You Can Wear For Everyday Wear Or Special Occasions, Again And Again, You Need To Be Choosy About The Garment That You Purchase. Many Kurtas For Men Are Mass Produced Along Assembly Lines And Have Crooked Seams Or Raw Edges, While Others Shrink Or Fade The First Time That They Are Washed. The Kurta For Men Is Superior To Other Kurtas, As It&#8217;s Carefully Made By Skilled Artisans Under the supervision</p>
]]></content:encoded>
					
					<wfw:commentRss>/product/straight-cut-crepe-kurti-by-glance-deisgns-women/feed/</wfw:commentRss>
			<slash:comments>0</slash:comments>
		
		
			</item>
		<item>
		<title>Printed cut Crepe Kurti by Glance Deisgns Women</title>
		<link>/product/printed-cut-crepe-kurti-by-glance-deisgns-women/</link>
					<comments>/product/printed-cut-crepe-kurti-by-glance-deisgns-women/#respond</comments>
		
		<dc:creator><![CDATA[admin]]></dc:creator>
		<pubDate>Sun, 24 Sep 2023 04:56:25 +0000</pubDate>
				<guid isPermaLink="false">/product/printed-cut-crepe-kurti-by-glance-deisgns-women/</guid>

					<description><![CDATA[<ul>
 	<li>Prints &#38; Patterns : Bandhani</li>
 	<li>Length : Long</li>
 	<li>Color Family : Brown</li>
</ul>]]></description>
										<content:encoded><![CDATA[<p>Prijam Handicraft Traditional Man&#8217;s Kurta Satin Cotton plain (Neck Boader hand work )embroidery kutchi work Crafted From Fine Cotton Fabric And Is The Perfect Pick For Wedding/Festive Occasion. Available in lots of color This With A Pair Of Majors To Complete The Traditional And Classic Look.When You Want A Kurta That You Can Wear For Everyday Wear Or Special Occasions, Again And Again, You Need To Be Choosy About The Garment That You Purchase. Many Kurtas For Men Are Mass Produced Along Assembly Lines And Have Crooked Seams Or Raw Edges, While Others Shrink Or Fade The First Time That They Are Washed. The Kurta For Men Is Superior To Other Kurtas, As It&#8217;s Carefully Made By Skilled Artisans Under the supervision</p>
]]></content:encoded>
					
					<wfw:commentRss>/product/printed-cut-crepe-kurti-by-glance-deisgns-women/feed/</wfw:commentRss>
			<slash:comments>0</slash:comments>
		
		
			</item>
		<item>
		<title>Printed straight cut Crepe Kurti by Glance Deisgns Women</title>
		<link>/product/printed-straight-cut-crepe-kurti-by-glance-deisgns-women/</link>
					<comments>/product/printed-straight-cut-crepe-kurti-by-glance-deisgns-women/#respond</comments>
		
		<dc:creator><![CDATA[admin]]></dc:creator>
		<pubDate>Sun, 24 Sep 2023 04:56:25 +0000</pubDate>
				<guid isPermaLink="false">/product/printed-straight-cut-crepe-kurti-by-glance-deisgns-women/</guid>

					<description><![CDATA[<ul>
 	<li>Prints &#38; Patterns : Solid</li>
 	<li>Color Family : Blue</li>
 	<li>Wear Type : Casual</li>
</ul>]]></description>
										<content:encoded><![CDATA[<p>Baleshwar shirt features a full sleeve and a Classic collar design which gives the shirt a stylish look and feel. For any of your casual evenings this shirt can be your option to wear. Brings to you this shirt which is made from cotton fabric. This shirt has been designed keeping in mind the latest trends in contemporary casual fashion. The shirt combines ethnic with the fashion of today and makes you stand out among others when you adorn it.</p>
]]></content:encoded>
					
					<wfw:commentRss>/product/printed-straight-cut-crepe-kurti-by-glance-deisgns-women/feed/</wfw:commentRss>
			<slash:comments>0</slash:comments>
		
		
			</item>
		<item>
		<title>Digital Printed straight cut Crepe Kurti by Glance Deisgns Women</title>
		<link>/product/digital-printed-straight-cut-crepe-kurti-by-glance-deisgns-women/</link>
					<comments>/product/digital-printed-straight-cut-crepe-kurti-by-glance-deisgns-women/#respond</comments>
		
		<dc:creator><![CDATA[admin]]></dc:creator>
		<pubDate>Sun, 24 Sep 2023 04:56:25 +0000</pubDate>
				<guid isPermaLink="false">/product/digital-printed-straight-cut-crepe-kurti-by-glance-deisgns-women/</guid>

					<description><![CDATA[<ul>
 	<li>Prints &#38; Patterns : Bandhani</li>
 	<li>Length : Long</li>
 	<li>Color Family : Brown</li>
</ul>]]></description>
										<content:encoded><![CDATA[<p>Prijam Handicraft Traditional Man&#8217;s Kurta Satin Cotton plain (Neck Boader hand work )embroidery kutchi work Crafted From Fine Cotton Fabric And Is The Perfect Pick For Wedding/Festive Occasion. Available in lots of color This With A Pair Of Majors To Complete The Traditional And Classic Look.When You Want A Kurta That You Can Wear For Everyday Wear Or Special Occasions, Again And Again, You Need To Be Choosy About The Garment That You Purchase. Many Kurtas For Men Are Mass Produced Along Assembly Lines And Have Crooked Seams Or Raw Edges, While Others Shrink Or Fade The First Time That They Are Washed. The Kurta For Men Is Superior To Other Kurtas, As It&#8217;s Carefully Made By Skilled Artisans Under the supervision</p>
]]></content:encoded>
					
					<wfw:commentRss>/product/digital-printed-straight-cut-crepe-kurti-by-glance-deisgns-women/feed/</wfw:commentRss>
			<slash:comments>0</slash:comments>
		
		
			</item>
		<item>
		<title>Indian Beauty Printed Red Art Silk Printed Saree With Blouse</title>
		<link>/product/indian-beauty-printed-red-art-silk-printed-saree-with-blouse/</link>
					<comments>/product/indian-beauty-printed-red-art-silk-printed-saree-with-blouse/#respond</comments>
		
		<dc:creator><![CDATA[admin]]></dc:creator>
		<pubDate>Sun, 24 Sep 2023 04:56:25 +0000</pubDate>
				<guid isPermaLink="false">/product/indian-beauty-printed-red-art-silk-printed-saree-with-blouse/</guid>

					<description><![CDATA[<ul>
 	<li>Prints &#38; Patterns : Bandhani</li>
 	<li>Length : Long</li>
 	<li>Color Family : Black</li>
</ul>]]></description>
										<content:encoded><![CDATA[<p>Prijam Mens kurta Crafted From Fine Cotton silk Fabric And Is The Perfect Pick For Wedding/Festive Occasion. Available in lots of color This With A Pair Of Majors To Complete The Traditional And Classic Look.When You Want A Kurta That You Can Wear For Everyday Wear Or Special Occasions, Again And Again, You Need To Be Choosy About The Garment That You Purchase. Many Kurtas For Men Are Mass Produced Along Assembly Lines And Have Crooked Seams Or Raw Edges, While Others Shrink Or Fade The First Time That They Are Washed. The Kurta For Men Is Superior To Other Kurtas, As It&#8217;s Carefully Made By Skilled Artisans Under the supervision</p>
]]></content:encoded>
					
					<wfw:commentRss>/product/indian-beauty-printed-red-art-silk-printed-saree-with-blouse/feed/</wfw:commentRss>
			<slash:comments>0</slash:comments>
		
		
			</item>
	</channel>
</rss>
