<?xml version="1.0" encoding="UTF-8"?><rss version="2.0"
	xmlns:content="http://purl.org/rss/1.0/modules/content/"
	xmlns:wfw="http://wellformedweb.org/CommentAPI/"
	xmlns:dc="http://purl.org/dc/elements/1.1/"
	xmlns:atom="http://www.w3.org/2005/Atom"
	xmlns:sy="http://purl.org/rss/1.0/modules/syndication/"
	xmlns:slash="http://purl.org/rss/1.0/modules/slash/"
	>

<channel>
	<title>Budget Bazaar &#8211; DFJ</title>
	<atom:link href="/product-category/budget-bazaar/feed/" rel="self" type="application/rss+xml" />
	<link></link>
	<description></description>
	<lastBuildDate>Sun, 24 Sep 2023 06:27:37 +0000</lastBuildDate>
	<language>en-US</language>
	<sy:updatePeriod>
	hourly	</sy:updatePeriod>
	<sy:updateFrequency>
	1	</sy:updateFrequency>
	<generator>https://wordpress.org/?v=6.3.1</generator>

<image>
	<url>/wp-content/uploads/2023/09/download-removebg-preview-5.png</url>
	<title>Budget Bazaar &#8211; DFJ</title>
	<link></link>
	<width>32</width>
	<height>32</height>
</image> 
	<item>
		<title>Under ₹799</title>
		<link>/product/under-%e2%82%b9799/</link>
					<comments>/product/under-%e2%82%b9799/#respond</comments>
		
		<dc:creator><![CDATA[admin]]></dc:creator>
		<pubDate>Sun, 24 Sep 2023 06:27:37 +0000</pubDate>
				<guid isPermaLink="false">/?post_type=product#038;p=153</guid>

					<description><![CDATA[]]></description>
										<content:encoded><![CDATA[]]></content:encoded>
					
					<wfw:commentRss>/product/under-%e2%82%b9799/feed/</wfw:commentRss>
			<slash:comments>0</slash:comments>
		
		
			</item>
		<item>
		<title>Under ₹599</title>
		<link>/product/under-%e2%82%b9599/</link>
					<comments>/product/under-%e2%82%b9599/#respond</comments>
		
		<dc:creator><![CDATA[admin]]></dc:creator>
		<pubDate>Sun, 24 Sep 2023 06:27:02 +0000</pubDate>
				<guid isPermaLink="false">/?post_type=product#038;p=152</guid>

					<description><![CDATA[]]></description>
										<content:encoded><![CDATA[]]></content:encoded>
					
					<wfw:commentRss>/product/under-%e2%82%b9599/feed/</wfw:commentRss>
			<slash:comments>0</slash:comments>
		
		
			</item>
		<item>
		<title>Under ₹399</title>
		<link>/product/under-%e2%82%b9399/</link>
					<comments>/product/under-%e2%82%b9399/#respond</comments>
		
		<dc:creator><![CDATA[admin]]></dc:creator>
		<pubDate>Sun, 24 Sep 2023 06:26:29 +0000</pubDate>
				<guid isPermaLink="false">/?post_type=product#038;p=151</guid>

					<description><![CDATA[]]></description>
										<content:encoded><![CDATA[]]></content:encoded>
					
					<wfw:commentRss>/product/under-%e2%82%b9399/feed/</wfw:commentRss>
			<slash:comments>0</slash:comments>
		
		
			</item>
		<item>
		<title>Under ₹199</title>
		<link>/product/under-%e2%82%b9199/</link>
					<comments>/product/under-%e2%82%b9199/#respond</comments>
		
		<dc:creator><![CDATA[admin]]></dc:creator>
		<pubDate>Sun, 24 Sep 2023 06:25:59 +0000</pubDate>
				<guid isPermaLink="false">/?post_type=product#038;p=150</guid>

					<description><![CDATA[]]></description>
										<content:encoded><![CDATA[]]></content:encoded>
					
					<wfw:commentRss>/product/under-%e2%82%b9199/feed/</wfw:commentRss>
			<slash:comments>0</slash:comments>
		
		
			</item>
		<item>
		<title>Under ₹99</title>
		<link>/product/under-%e2%82%b999/</link>
					<comments>/product/under-%e2%82%b999/#respond</comments>
		
		<dc:creator><![CDATA[admin]]></dc:creator>
		<pubDate>Sun, 24 Sep 2023 06:24:57 +0000</pubDate>
				<guid isPermaLink="false">/?post_type=product#038;p=147</guid>

					<description><![CDATA[]]></description>
										<content:encoded><![CDATA[]]></content:encoded>
					
					<wfw:commentRss>/product/under-%e2%82%b999/feed/</wfw:commentRss>
			<slash:comments>0</slash:comments>
		
		
			</item>
	</channel>
</rss>
