<?xml version="1.0" encoding="UTF-8"?><rss version="2.0"
	xmlns:content="http://purl.org/rss/1.0/modules/content/"
	xmlns:dc="http://purl.org/dc/elements/1.1/"
	xmlns:atom="http://www.w3.org/2005/Atom"
	xmlns:sy="http://purl.org/rss/1.0/modules/syndication/"
	
	>
<channel>
	<title>
	Comments on: Indian Beauty Printed Red Art Silk Printed Saree With Blouse	</title>
	<atom:link href="/product/indian-beauty-printed-red-art-silk-printed-saree-with-blouse/feed/" rel="self" type="application/rss+xml" />
	<link>/product/indian-beauty-printed-red-art-silk-printed-saree-with-blouse/</link>
	<description></description>
	<lastBuildDate>Sun, 24 Sep 2023 06:21:28 +0000</lastBuildDate>
	<sy:updatePeriod>
	hourly	</sy:updatePeriod>
	<sy:updateFrequency>
	1	</sy:updateFrequency>
	<generator>https://wordpress.org/?v=6.3.1</generator>
</channel>
</rss>
