<?xml version="1.0" encoding="UTF-8"?><rss version="2.0"
	xmlns:content="http://purl.org/rss/1.0/modules/content/"
	xmlns:dc="http://purl.org/dc/elements/1.1/"
	xmlns:atom="http://www.w3.org/2005/Atom"
	xmlns:sy="http://purl.org/rss/1.0/modules/syndication/"
	
	>
<channel>
	<title>
	Comments on: Cogs Black Sports Shoes For Men	</title>
	<atom:link href="/product/cogs-black-sports-shoes-for-men/feed/" rel="self" type="application/rss+xml" />
	<link>/product/cogs-black-sports-shoes-for-men/</link>
	<description></description>
	<lastBuildDate>Sun, 24 Sep 2023 02:47:20 +0000</lastBuildDate>
	<sy:updatePeriod>
	hourly	</sy:updatePeriod>
	<sy:updateFrequency>
	1	</sy:updateFrequency>
	<generator>https://wordpress.org/?v=6.3.1</generator>
</channel>
</rss>
