<?xml version="1.0" encoding="UTF-8"?><rss version="2.0"
	xmlns:content="http://purl.org/rss/1.0/modules/content/"
	xmlns:wfw="http://wellformedweb.org/CommentAPI/"
	xmlns:dc="http://purl.org/dc/elements/1.1/"
	xmlns:atom="http://www.w3.org/2005/Atom"
	xmlns:sy="http://purl.org/rss/1.0/modules/syndication/"
	xmlns:slash="http://purl.org/rss/1.0/modules/slash/"
	>

<channel>
	<title>Men &#8211; DFJ</title>
	<atom:link href="/product-category/men/feed/" rel="self" type="application/rss+xml" />
	<link></link>
	<description></description>
	<lastBuildDate>Sun, 24 Sep 2023 04:41:38 +0000</lastBuildDate>
	<language>en-US</language>
	<sy:updatePeriod>
	hourly	</sy:updatePeriod>
	<sy:updateFrequency>
	1	</sy:updateFrequency>
	<generator>https://wordpress.org/?v=6.3.1</generator>

<image>
	<url>/wp-content/uploads/2023/09/download-removebg-preview-5.png</url>
	<title>Men &#8211; DFJ</title>
	<link></link>
	<width>32</width>
	<height>32</height>
</image> 
	<item>
		<title>Baleshwar Men Blue Solid Slim Fit Casual Shirt</title>
		<link>/product/baleshwar-men-blue-solid-slim-fit-casual-shirt/</link>
					<comments>/product/baleshwar-men-blue-solid-slim-fit-casual-shirt/#respond</comments>
		
		<dc:creator><![CDATA[admin]]></dc:creator>
		<pubDate>Sun, 24 Sep 2023 04:41:38 +0000</pubDate>
				<guid isPermaLink="false">/?post_type=product#038;p=92</guid>

					<description><![CDATA[<ul>
 	<li>Prints &#38; Patterns : Solid</li>
 	<li>Color Family : Blue</li>
 	<li>Wear Type : Casual</li>
</ul>]]></description>
										<content:encoded><![CDATA[<p>Baleshwar shirt features a full sleeve and a Classic collar design which gives the shirt a stylish look and feel. For any of your casual evenings this shirt can be your option to wear. Brings to you this shirt which is made from cotton fabric. This shirt has been designed keeping in mind the latest trends in contemporary casual fashion. The shirt combines ethnic with the fashion of today and makes you stand out among others when you adorn it.</p>
]]></content:encoded>
					
					<wfw:commentRss>/product/baleshwar-men-blue-solid-slim-fit-casual-shirt/feed/</wfw:commentRss>
			<slash:comments>0</slash:comments>
		
		
			</item>
		<item>
		<title>Prijam Men&#8217;s Brown Long Straight Fit Kurta</title>
		<link>/product/prijam-mens-brown-long-straight-fit-kurta/</link>
					<comments>/product/prijam-mens-brown-long-straight-fit-kurta/#respond</comments>
		
		<dc:creator><![CDATA[admin]]></dc:creator>
		<pubDate>Sun, 24 Sep 2023 04:40:17 +0000</pubDate>
				<guid isPermaLink="false">/?post_type=product#038;p=89</guid>

					<description><![CDATA[<ul>
 	<li>Prints &#38; Patterns : Bandhani</li>
 	<li>Length : Long</li>
 	<li>Color Family : Brown</li>
</ul>]]></description>
										<content:encoded><![CDATA[<p>Prijam Handicraft Traditional Man&#8217;s Kurta Satin Cotton plain (Neck Boader hand work )embroidery kutchi work Crafted From Fine Cotton Fabric And Is The Perfect Pick For Wedding/Festive Occasion. Available in lots of color This With A Pair Of Majors To Complete The Traditional And Classic Look.When You Want A Kurta That You Can Wear For Everyday Wear Or Special Occasions, Again And Again, You Need To Be Choosy About The Garment That You Purchase. Many Kurtas For Men Are Mass Produced Along Assembly Lines And Have Crooked Seams Or Raw Edges, While Others Shrink Or Fade The First Time That They Are Washed. The Kurta For Men Is Superior To Other Kurtas, As It&#8217;s Carefully Made By Skilled Artisans Under the supervision</p>
]]></content:encoded>
					
					<wfw:commentRss>/product/prijam-mens-brown-long-straight-fit-kurta/feed/</wfw:commentRss>
			<slash:comments>0</slash:comments>
		
		
			</item>
		<item>
		<title>Prijam Men&#8217;s Black Long Straight Fit Kurta</title>
		<link>/product/prijam-mens-black-long-straight-fit-kurta/</link>
					<comments>/product/prijam-mens-black-long-straight-fit-kurta/#respond</comments>
		
		<dc:creator><![CDATA[admin]]></dc:creator>
		<pubDate>Sun, 24 Sep 2023 04:38:49 +0000</pubDate>
				<guid isPermaLink="false">/?post_type=product#038;p=87</guid>

					<description><![CDATA[<ul>
 	<li>Prints &#38; Patterns : Bandhani</li>
 	<li>Length : Long</li>
 	<li>Color Family : Black</li>
</ul>]]></description>
										<content:encoded><![CDATA[<p>Prijam Mens kurta Crafted From Fine Cotton silk Fabric And Is The Perfect Pick For Wedding/Festive Occasion. Available in lots of color This With A Pair Of Majors To Complete The Traditional And Classic Look.When You Want A Kurta That You Can Wear For Everyday Wear Or Special Occasions, Again And Again, You Need To Be Choosy About The Garment That You Purchase. Many Kurtas For Men Are Mass Produced Along Assembly Lines And Have Crooked Seams Or Raw Edges, While Others Shrink Or Fade The First Time That They Are Washed. The Kurta For Men Is Superior To Other Kurtas, As It&#8217;s Carefully Made By Skilled Artisans Under the supervision</p>
]]></content:encoded>
					
					<wfw:commentRss>/product/prijam-mens-black-long-straight-fit-kurta/feed/</wfw:commentRss>
			<slash:comments>0</slash:comments>
		
		
			</item>
		<item>
		<title>Double One Men&#8217;s Solid Black Denim Shirt</title>
		<link>/product/double-one-mens-solid-black-denim-shirt/</link>
					<comments>/product/double-one-mens-solid-black-denim-shirt/#respond</comments>
		
		<dc:creator><![CDATA[admin]]></dc:creator>
		<pubDate>Sun, 24 Sep 2023 04:37:13 +0000</pubDate>
				<guid isPermaLink="false">/?post_type=product#038;p=85</guid>

					<description><![CDATA[<ul>
 	<li>Prints &#38; Patterns : Solid</li>
 	<li>Color Family : Black</li>
 	<li>Wear Type : Casual</li>
</ul>]]></description>
										<content:encoded><![CDATA[<p>Double One Men&#8217;s Solid Black Denim Shirt</p>
]]></content:encoded>
					
					<wfw:commentRss>/product/double-one-mens-solid-black-denim-shirt/feed/</wfw:commentRss>
			<slash:comments>0</slash:comments>
		
		
			</item>
		<item>
		<title>Prijam Men Maroon Long Straight Fit Kurta</title>
		<link>/product/prijam-men-maroon-long-straight-fit-kurta/</link>
					<comments>/product/prijam-men-maroon-long-straight-fit-kurta/#respond</comments>
		
		<dc:creator><![CDATA[admin]]></dc:creator>
		<pubDate>Sun, 24 Sep 2023 04:35:23 +0000</pubDate>
				<guid isPermaLink="false">/?post_type=product#038;p=82</guid>

					<description><![CDATA[<ul>
 	<li>Prints &#38; Patterns : Bandhani</li>
 	<li>Length : Long</li>
 	<li>Color Family : Maroon</li>
</ul>]]></description>
										<content:encoded><![CDATA[<p>Prijam Handicraft Traditional Man&#8217;s Kurta Cotton Bandhani (Mirror print) embroidery kutchi work Crafted From Fine Cotton Fabric And Is The Perfect Pick For Wedding/Festive Occasion. Available in lots of color This With A Pair Of Majors To Complete The Traditional And Classic Look.When You Want A Kurta That You Can Wear For Everyday Wear Or Special Occasions, Again And Again, You Need To Be Choosy About The Garment That You Purchase. Many Kurtas For Men Are Mass Produced Along Assembly Lines And Have Crooked Seams Or Raw Edges, While Others Shrink Or Fade The First Time That They Are Washed. The Kurta For Men Is Superior To Other Kurtas, As It&#8217;s Carefully Made By Skilled Artisans Under the supervision</p>
]]></content:encoded>
					
					<wfw:commentRss>/product/prijam-men-maroon-long-straight-fit-kurta/feed/</wfw:commentRss>
			<slash:comments>0</slash:comments>
		
		
			</item>
		<item>
		<title>Cogs Black Sports Shoes For Men</title>
		<link>/product/cogs-black-sports-shoes-for-men/</link>
					<comments>/product/cogs-black-sports-shoes-for-men/#respond</comments>
		
		<dc:creator><![CDATA[admin]]></dc:creator>
		<pubDate>Sun, 24 Sep 2023 02:47:20 +0000</pubDate>
				<guid isPermaLink="false">/?post_type=product#038;p=22</guid>

					<description><![CDATA[<ul>
 	<li><strong>Color</strong> : Black</li>
 	<li><strong>Upper Material</strong> : Canvas</li>
</ul>]]></description>
										<content:encoded><![CDATA[<p>Cogs Black Sports Shoes For Men Cogs Black Sports Shoes For Men Cogs Black Sports Shoes For Men Cogs Black Sports Shoes For Men Cogs Black Sports Shoes For Men</p>
]]></content:encoded>
					
					<wfw:commentRss>/product/cogs-black-sports-shoes-for-men/feed/</wfw:commentRss>
			<slash:comments>0</slash:comments>
		
		
			</item>
	</channel>
</rss>
