<?xml version="1.0" encoding="UTF-8"?><rss version="2.0"
	xmlns:content="http://purl.org/rss/1.0/modules/content/"
	xmlns:dc="http://purl.org/dc/elements/1.1/"
	xmlns:atom="http://www.w3.org/2005/Atom"
	xmlns:sy="http://purl.org/rss/1.0/modules/syndication/"
	
	>
<channel>
	<title>
	Comments on: Pack of 3 SVB Saree Multicolor Art Silk Block Print Saree Without Blouse	</title>
	<atom:link href="/product/pack-of-3-svb-saree-multicolor-art-silk-block-print-saree-without-blouse/feed/" rel="self" type="application/rss+xml" />
	<link>/product/pack-of-3-svb-saree-multicolor-art-silk-block-print-saree-without-blouse/</link>
	<description></description>
	<lastBuildDate>Sun, 24 Sep 2023 06:22:22 +0000</lastBuildDate>
	<sy:updatePeriod>
	hourly	</sy:updatePeriod>
	<sy:updateFrequency>
	1	</sy:updateFrequency>
	<generator>https://wordpress.org/?v=6.3.1</generator>
</channel>
</rss>
